stem_id,plot,date,location,species,dbh,canopy,genus_species,common_name,functional_group,notes
1,1,20210517,1,QUNI,32.8,C,Quercus nigra,water oak,mesophyte,
2,1,20210517,1,JUVI,8.5,I,Juniperus virginiana,eastern red cedar,mesophyte,
3,1,20210517,1,LIST,19.2,I,Liquidambar styraciflua,sweetgum,mesophyte,
4,1,20210517,1,SW,14.5,I,Oxydendrum arboreum,sourwood,intermediate,CHECK THIS
5,1,20210517,1,ACRU,14.5,I,Acer rubrum,red maple,mesophyte,
6,1,20210517,1,QUNI,6.4,I,Quercus nigra,water oak,mesophyte,
7,1,20210517,1,LIST,27.7,C,Liquidambar styraciflua,sweetgum,mesophyte,
8,1,20210517,1,CARYA,4.2,S,Carya sp.,hickory,intermediate,
9,1,20210517,FB,QUAL,34,C,Quercus alba,white oak,pyrophyte,
10,1,20210517,FB,CARYA,6.5,I,Carya sp.,hickory,intermediate,
11,1,20210517,1,FLAG,6.6,S,#N/A,#N/A,#N/A,10:15 unknown
12,1,20210517,1,QUAL,7.3,I,Quercus alba,white oak,pyrophyte,
13,1,20210517,1,PITA,39.8,C,Pinus taeda,loblolly pine,pyrophyte,
14,1,20210517,1,PITA,23.7,C,Pinus taeda,loblolly pine,pyrophyte,
15,1,20210517,1,LIST,20,C,Liquidambar styraciflua,sweetgum,mesophyte,
16,1,20210517,1,ACRU,3.5,S,Acer rubrum,red maple,mesophyte,
17,1,20210517,1,PITA,36.2,C,Pinus taeda,loblolly pine,pyrophyte,
18,1,20210517,1,PITA,45.6,D,Pinus taeda,loblolly pine,pyrophyte,
19,1,20210517,1,QUNI,24.8,C,Quercus nigra,water oak,mesophyte,
20,1,20210517,1,ACRU,10.8,I,Acer rubrum,red maple,mesophyte,
21,1,20210517,1,ACRU,3.8,S,Acer rubrum,red maple,mesophyte,
22,1,20210517,1,ULAL,24.4,C,Ulmus alata,winged elm,mesophyte,CHECK THIS
23,1,20210517,1,ACRU,4.2,S,Acer rubrum,red maple,mesophyte,
24,1,20210517,1,LIST,19.1,C,Liquidambar styraciflua,sweetgum,mesophyte,
25,1,20210517,1,JUVI,11.1,I,Juniperus virginiana,eastern red cedar,mesophyte,
26,1,20210517,1,JUVI,6.7,I,Juniperus virginiana,eastern red cedar,mesophyte,
27,1,20210517,1,LIST,11.8,I,Liquidambar styraciflua,sweetgum,mesophyte,
28,1,20210517,1,QUNI,16.7,I,Quercus nigra,water oak,mesophyte,
29,1,20210517,1,LIST,10.2,I,Liquidambar styraciflua,sweetgum,mesophyte,
30,1,20210517,1,QUNI,11.9,I,Quercus nigra,water oak,mesophyte,
31,1,20210517,FB,LIST,6.4,S,Liquidambar styraciflua,sweetgum,mesophyte,
32,1,20210517,1,PRUNUS,9.5,I,Prunus sp.,cherry,intermediate,
33,1,20210517,1,PITA,24.2,C,Pinus taeda,loblolly pine,pyrophyte,
34,1,20210517,1,PRUNUS,9.3,I,Prunus sp.,cherry,intermediate,
35,1,20210517,1,PRUNUS,6.2,S,Prunus sp.,cherry,intermediate,
36,1,20210517,1,PITA,14.6,I,Pinus taeda,loblolly pine,pyrophyte,
37,1,20210517,1,VACCI,1.2,S,Vaccinium sp.,blueberry,mesophyte,
38,1,20210517,1,VACCI,1.6,S,Vaccinium sp.,blueberry,mesophyte,
39,1,20210517,1,VACCI,1,S,Vaccinium sp.,blueberry,mesophyte,
40,1,20210517,1,CARYA,2.2,S,Carya sp.,hickory,intermediate,
41,1,20210517,FB,LIST,17.1,I,Liquidambar styraciflua,sweetgum,mesophyte,
42,1,20210517,FB,VACCI,1,S,Vaccinium sp.,blueberry,mesophyte,
43,1,20210517,FB,QUNI,36.5,C,Quercus nigra,water oak,mesophyte,
44,1,20210517,E,LIST,18.7,C,Liquidambar styraciflua,sweetgum,mesophyte,
45,1,20210517,E,LIST,18.9,C,Liquidambar styraciflua,sweetgum,mesophyte,
46,1,20210517,2,LIST,5,S,Liquidambar styraciflua,sweetgum,mesophyte,
47,1,20210517,2,QUNI,26.8,C,Quercus nigra,water oak,mesophyte,
48,1,20210517,2,ACRU,8.5,S,Acer rubrum,red maple,mesophyte,
49,1,20210517,2,VACCI,2,S,Vaccinium sp.,blueberry,mesophyte,
50,1,20210517,2,QUNI,26.3,I,Quercus nigra,water oak,mesophyte,
51,1,20210517,2,LIST,4.2,S,Liquidambar styraciflua,sweetgum,mesophyte,
52,1,20210517,FB,QUNI,16.4,I,Quercus nigra,water oak,mesophyte,
53,1,20210517,2,JUVI,9,S,Juniperus virginiana,eastern red cedar,mesophyte,
54,1,20210517,2,JUVI,18.4,I,Juniperus virginiana,eastern red cedar,mesophyte,
55,1,20210517,2,VACCI,2,S,Vaccinium sp.,blueberry,mesophyte,
56,1,20210517,2,SW,16,I,Oxydendrum arboreum,sourwood,intermediate,CHECK THIS
57,1,20210517,2,PITA,16.8,C,Pinus taeda,loblolly pine,pyrophyte,
58,1,20210517,2,LIST,1.5,S,Liquidambar styraciflua,sweetgum,mesophyte,
59,1,20210517,2,LIST,1.6,S,Liquidambar styraciflua,sweetgum,mesophyte,
60,1,20210517,2,LIST,1.2,S,Liquidambar styraciflua,sweetgum,mesophyte,
61,1,20210517,FB,CARYA,6.7,S,Carya sp.,hickory,intermediate,
62,1,20210517,FB,LIST,23.5,I,Liquidambar styraciflua,sweetgum,mesophyte,
63,1,20210517,FB,PITA,4.3,S,Pinus taeda,loblolly pine,pyrophyte,
64,1,20210517,2,PRUNUS,5,S,Prunus sp.,cherry,intermediate,
65,1,20210517,2,VACCI,1.3,S,Vaccinium sp.,blueberry,mesophyte,
66,1,20210517,2,QUNI,15.6,I,Quercus nigra,water oak,mesophyte,
67,1,20210517,2,VACCI,1.2,S,Vaccinium sp.,blueberry,mesophyte,
68,1,20210517,2,PITA,14.8,I,Pinus taeda,loblolly pine,pyrophyte,
69,1,20210517,2,LIST,1.5,S,Liquidambar styraciflua,sweetgum,mesophyte,
70,1,20210517,2,LITU,5.2,S,Liquidambar styraciflua,tulip poplar,mesophyte,
71,1,20210517,2,PRUNUS,13.1,I,Prunus sp.,cherry,intermediate,
72,1,20210517,2,LIST,1,S,Liquidambar styraciflua,sweetgum,mesophyte,
73,1,20210517,2,PRUNUS,11.9,S,Prunus sp.,cherry,intermediate,
74,1,20210517,2,LIST,2.1,S,Liquidambar styraciflua,sweetgum,mesophyte,
75,1,20210517,2,JUVI,1.7,S,Juniperus virginiana,eastern red cedar,mesophyte,
76,1,20210517,2,LIST,8.3,S,Liquidambar styraciflua,sweetgum,mesophyte,
77,1,20210517,2,LIST,11.7,I,Liquidambar styraciflua,sweetgum,mesophyte,
78,1,20210517,2,QUNI,26.3,C,Quercus nigra,water oak,mesophyte,
79,1,20210517,2,PITA,5,S,Pinus taeda,loblolly pine,pyrophyte,
80,1,20210517,2,LIST,21.6,C,Liquidambar styraciflua,sweetgum,mesophyte,
81,1,20210517,2,VACCI,1,S,Vaccinium sp.,blueberry,mesophyte,
82,1,20210517,2,PIEC,31.4,C,Pinus echinata,shortleaf pine,pyrophyte,
83,1,20210517,2,VACCI,1,S,Vaccinium sp.,blueberry,mesophyte,
84,1,20210517,2,LIST,11.1,S,Liquidambar styraciflua,sweetgum,mesophyte,
85,1,20210517,2,VACCI,1,S,Vaccinium sp.,blueberry,mesophyte,
86,1,20210517,2,LIST,13.4,I,Liquidambar styraciflua,sweetgum,mesophyte,
87,1,20210517,2,VACCI,1.5,S,Vaccinium sp.,blueberry,mesophyte,
88,1,20210517,2,VACCI,2,S,Vaccinium sp.,blueberry,mesophyte,
89,1,20210517,2,VACCI,2.5,S,Vaccinium sp.,blueberry,mesophyte,
90,1,20210517,2,VACCI,3.5,S,Vaccinium sp.,blueberry,mesophyte,
91,1,20210517,2,LITU,10.5,I,Liquidambar styraciflua,tulip poplar,mesophyte,
92,1,20210517,2,PITA,12.7,I,Pinus taeda,loblolly pine,pyrophyte,
93,1,20210517,E,LIST,14.2,I,Liquidambar styraciflua,sweetgum,mesophyte,
94,1,20210517,2,VACCI,2,S,Vaccinium sp.,blueberry,mesophyte,
95,1,20210517,2,VACCI,2.5,S,Vaccinium sp.,blueberry,mesophyte,
96,1,20210517,2,VACCI,3,S,Vaccinium sp.,blueberry,mesophyte,
97,1,20210517,2,JUVI,2.7,S,Juniperus virginiana,eastern red cedar,mesophyte,
98,1,20210517,E,PIEC,18.8,C,Pinus echinata,shortleaf pine,pyrophyte,
99,1,20210517,E,PITA,49.1,D,Pinus taeda,loblolly pine,pyrophyte,
100,1,20210517,FB,LIST,4.3,S,Liquidambar styraciflua,sweetgum,mesophyte,
101,1,20210517,FB,PITA,10,I,Pinus taeda,loblolly pine,pyrophyte,
102,1,20210517,FB,LIST,16.1,I,Liquidambar styraciflua,sweetgum,mesophyte,
103,1,20210517,FB,CARYA,2.8,S,Carya sp.,hickory,intermediate,
104,1,20210517,FB,PRUNUS,13.7,I,Prunus sp.,cherry,intermediate,
105,1,20210517,FB,ACRU,9.1,S,Acer rubrum,red maple,mesophyte,
106,1,20210517,FB,VACCI,1,S,Vaccinium sp.,blueberry,mesophyte,
107,1,20210517,3,JUVI,12.1,I,Juniperus virginiana,eastern red cedar,mesophyte,
108,1,20210517,3,VACCI,1,S,Vaccinium sp.,blueberry,mesophyte,
109,1,20210517,3,LIST,8.4,S,Liquidambar styraciflua,sweetgum,mesophyte,
110,1,20210517,3,CARYA,12.2,I,Carya sp.,hickory,intermediate,
111,1,20210517,3,VACCI,5,S,Vaccinium sp.,blueberry,mesophyte,
112,1,20210517,3,JUVI,7.9,S,Juniperus virginiana,eastern red cedar,mesophyte,
113,1,20210517,3,NYSY,4.1,S,Nyssa sylvatica,black gum,mesophyte,
114,1,20210517,3,LIST,5.9,S,Liquidambar styraciflua,sweetgum,mesophyte,
115,1,20210517,3,VACCI,2,S,Vaccinium sp.,blueberry,mesophyte,
116,1,20210517,3,LIST,13.3,I,Liquidambar styraciflua,sweetgum,mesophyte,
117,1,20210517,3,PITA,13.6,I,Pinus taeda,loblolly pine,pyrophyte,
118,1,20210517,3,NYSY,6.6,I,Nyssa sylvatica,black gum,mesophyte,
119,1,20210517,3,LIST,7.2,S,Liquidambar styraciflua,sweetgum,mesophyte,
120,1,20210517,3,LIST,5,S,Liquidambar styraciflua,sweetgum,mesophyte,
121,1,20210517,3,VACCI,2.5,S,Vaccinium sp.,blueberry,mesophyte,
122,1,20210517,3,QUAL,11.2,I,Quercus alba,white oak,pyrophyte,
123,1,20210517,3,LIST,17.8,I,Liquidambar styraciflua,sweetgum,mesophyte,
124,1,20210517,3,QUNI,39.7,C,Quercus nigra,water oak,mesophyte,
125,1,20210517,3,LIST,10.3,S,Liquidambar styraciflua,sweetgum,mesophyte,
126,1,20210517,FB,CARYA,7.7,S,Carya sp.,hickory,intermediate,
127,1,20210517,FB,NYSY,8.7,S,Nyssa sylvatica,black gum,mesophyte,
128,1,20210517,3,LIST,1,S,Liquidambar styraciflua,sweetgum,mesophyte,
129,1,20210517,3,VACCI,3,S,Vaccinium sp.,blueberry,mesophyte,
130,1,20210517,3,VACCI,2.5,S,Vaccinium sp.,blueberry,mesophyte,
131,1,20210517,3,VACCI,4.5,S,Vaccinium sp.,blueberry,mesophyte,
132,1,20210517,3,PITA,18.1,I,Pinus taeda,loblolly pine,pyrophyte,
133,1,20210517,3,VACCI,9,S,Vaccinium sp.,blueberry,mesophyte,
134,1,20210517,3,VACCI,5.2,S,Vaccinium sp.,blueberry,mesophyte,
135,1,20210517,3,PITA,7.2,I,Pinus taeda,loblolly pine,pyrophyte,
136,1,20210517,3,VACCI,2.5,S,Vaccinium sp.,blueberry,mesophyte,
137,1,20210517,3,QUNI,27.9,C,Quercus nigra,water oak,mesophyte,
138,1,20210517,3,LIST,8.6,S,Liquidambar styraciflua,sweetgum,mesophyte,
139,1,20210517,3,LIST,3,S,Liquidambar styraciflua,sweetgum,mesophyte,
140,1,20210517,3,LIST,1,S,Liquidambar styraciflua,sweetgum,mesophyte,
141,1,20210517,E,CARYA,4.5,S,Carya sp.,hickory,intermediate,
142,1,20210517,E,FLAG,4.4,S,#N/A,#N/A,#N/A,11:40
143,1,20210517,E,PIEC,28.8,C,Pinus echinata,shortleaf pine,pyrophyte,
144,1,20210517,3,LIST,6.1,S,Liquidambar styraciflua,sweetgum,mesophyte,
145,1,20210517,3,PITA,11.5,I,Pinus taeda,loblolly pine,pyrophyte,
146,1,20210517,3,LIST,1.5,S,Liquidambar styraciflua,sweetgum,mesophyte,
147,1,20210517,3,VACCI,3.5,S,Vaccinium sp.,blueberry,mesophyte,
148,1,20210517,3,QUNI,34.5,C,Quercus nigra,water oak,mesophyte,
149,1,20210517,3,QUNI,12.1,S,Quercus nigra,water oak,mesophyte,
150,1,20210517,3,FLAG,6.3,S,#N/A,#N/A,#N/A,11:40
151,1,20210517,3,LIST,37,C,Liquidambar styraciflua,sweetgum,mesophyte,
152,1,20210517,3,VACCI,4.5,S,Vaccinium sp.,blueberry,mesophyte,
153,1,20210517,3,VACCI,4,S,Vaccinium sp.,blueberry,mesophyte,
154,1,20210517,3,VACCI,3,S,Vaccinium sp.,blueberry,mesophyte,
155,1,20210517,3,VACCI,3,S,Vaccinium sp.,blueberry,mesophyte,
156,1,20210517,E,QUNI,20,I,Quercus nigra,water oak,mesophyte,
157,1,20210517,3,PITA,4,S,Pinus taeda,loblolly pine,pyrophyte,
158,1,20210517,3,VACCI,3.5,S,Vaccinium sp.,blueberry,mesophyte,
159,1,20210517,3,PITA,1,S,Pinus taeda,loblolly pine,pyrophyte,
160,1,20210517,3,VACCI,5,S,Vaccinium sp.,blueberry,mesophyte,
161,1,20210517,E,QUNI,35.8,C,Quercus nigra,water oak,mesophyte,
162,1,20210517,FB,LIST,7.3,S,Liquidambar styraciflua,sweetgum,mesophyte,
163,1,20210517,E,QUNI,14.5,I,Quercus nigra,water oak,mesophyte,
164,1,20210517,4,LITU,9,I,Liquidambar styraciflua,tulip poplar,mesophyte,
165,1,20210517,4,QUAL,8.5,S,Quercus alba,white oak,pyrophyte,
166,1,20210517,4,LIST,1,S,Liquidambar styraciflua,sweetgum,mesophyte,
167,1,20210517,4,LIST,1.5,S,Liquidambar styraciflua,sweetgum,mesophyte,
168,1,20210517,4,PITA,17,S,Pinus taeda,loblolly pine,pyrophyte,
169,1,20210517,4,QUNI,15.5,I,Quercus nigra,water oak,mesophyte,
170,1,20210517,4,LIST,1,S,Liquidambar styraciflua,sweetgum,mesophyte,
171,1,20210517,4,PITA,44.5,D,Pinus taeda,loblolly pine,pyrophyte,
172,1,20210517,4,LIST,1.5,S,Liquidambar styraciflua,sweetgum,mesophyte,
173,1,20210517,4,LIST,8.9,S,Liquidambar styraciflua,sweetgum,mesophyte,
174,1,20210517,4,LIST,7.6,S,Liquidambar styraciflua,sweetgum,mesophyte,
175,1,20210517,4,LIST,14.9,S,Liquidambar styraciflua,sweetgum,mesophyte,
176,1,20210517,4,VACCI,2.5,S,Vaccinium sp.,blueberry,mesophyte,
177,1,20210517,4,NYSY,19.9,S,Nyssa sylvatica,black gum,mesophyte,
178,1,20210517,E,QUNI,20.5,I,Quercus nigra,water oak,mesophyte,
179,1,20210517,E,QUNI,20,I,Quercus nigra,water oak,mesophyte,
180,1,20210517,4,NYSY,3.6,S,Nyssa sylvatica,black gum,mesophyte,
181,1,20210517,4,LIST,10.3,S,Liquidambar styraciflua,sweetgum,mesophyte,
182,1,20210517,4,QUNI,27.7,I,Quercus nigra,water oak,mesophyte,
183,1,20210517,4,CARYA,3.2,S,Carya sp.,hickory,intermediate,
184,1,20210517,4,CARYA,20.3,I,Carya sp.,hickory,intermediate,
185,1,20210517,4,LIST,11,S,Liquidambar styraciflua,sweetgum,mesophyte,
186,1,20210517,4,LIST,11.3,S,Liquidambar styraciflua,sweetgum,mesophyte,
187,1,20210517,4,PITA,43.4,C,Pinus taeda,loblolly pine,pyrophyte,
188,1,20210517,4,VACCI,4,S,Vaccinium sp.,blueberry,mesophyte,
189,1,20210517,4,LIST,18.5,I,Liquidambar styraciflua,sweetgum,mesophyte,
190,1,20210517,4,CARYA,4.5,S,Carya sp.,hickory,intermediate,
191,1,20210517,4,PRUNUS,5.5,S,Prunus sp.,cherry,intermediate,
192,1,20210517,4,LIST,19.7,I,Liquidambar styraciflua,sweetgum,mesophyte,
193,1,20210517,4,CARYA,5,S,Carya sp.,hickory,intermediate,
194,1,20210517,4,CARYA,6.5,S,Carya sp.,hickory,intermediate,
195,1,20210517,4,VACCI,1.5,S,Vaccinium sp.,blueberry,mesophyte,
196,1,20210517,4,VACCI,2.5,S,Vaccinium sp.,blueberry,mesophyte,
197,1,20210517,E,QUNI,20.3,I,Quercus nigra,water oak,mesophyte,
198,1,20210517,4,QUNI,22,I,Quercus nigra,water oak,mesophyte,
199,1,20210517,4,PRUNUS,5.8,S,Prunus sp.,cherry,intermediate,
200,1,20210517,E,FAGR,13,S,Fagus grandifolia,American beech,mesophyte,
201,1,20210517,4,LIST,24.3,C,Liquidambar styraciflua,sweetgum,mesophyte,
202,1,20210517,4,CARYA,11.7,I,Carya sp.,hickory,intermediate,
203,1,20210517,4,VACCI,3.5,S,Vaccinium sp.,blueberry,mesophyte,
204,1,20210517,4,CARYA,12.2,S,Carya sp.,hickory,intermediate,
205,1,20210517,4,NYSY,5.3,S,Nyssa sylvatica,black gum,mesophyte,
206,1,20210517,E,QUNI,24.9,I,Quercus nigra,water oak,mesophyte,
207,1,20210517,E,QUNI,26.8,C,Quercus nigra,water oak,mesophyte,
208,1,20210517,E,LIST,16.3,S,Liquidambar styraciflua,sweetgum,mesophyte,
209,1,20210517,E,PITA,54.4,D,Pinus taeda,loblolly pine,pyrophyte,
210,1,20210517,4,PRUNUS,3.9,S,Prunus sp.,cherry,intermediate,
211,1,20210517,4,CARYA,10,S,Carya sp.,hickory,intermediate,
212,1,20210517,4,VACCI,1.5,S,Vaccinium sp.,blueberry,mesophyte,
213,1,20210517,4,QUAL,4.4,S,Quercus alba,white oak,pyrophyte,
214,1,20210517,4,PRUNUS,5.7,S,Prunus sp.,cherry,intermediate,
215,1,20210517,4,VACCI,2.5,S,Vaccinium sp.,blueberry,mesophyte,
216,2,20210517,1,LIST,5.4,S,Liquidambar styraciflua,sweetgum,mesophyte,
217,2,20210517,1,LIST,11.8,I,Liquidambar styraciflua,sweetgum,mesophyte,
218,2,20210517,1,PITA,38,D,Pinus taeda,loblolly pine,pyrophyte,
219,2,20210517,1,QUNI,26.2,C,Quercus nigra,water oak,mesophyte,
220,2,20210517,1,LIST,1.9,S,Liquidambar styraciflua,sweetgum,mesophyte,
221,2,20210517,1,LIST,1,S,Liquidambar styraciflua,sweetgum,mesophyte,
222,2,20210517,1,CARYA,8.7,I,Carya sp.,hickory,intermediate,
223,2,20210517,1,LIST,4.9,S,Liquidambar styraciflua,sweetgum,mesophyte,
224,2,20210517,1,LIST,1,S,Liquidambar styraciflua,sweetgum,mesophyte,
225,2,20210517,1,LIST,1.7,S,Liquidambar styraciflua,sweetgum,mesophyte,
226,2,20210517,1,VACCI,3,S,Vaccinium sp.,blueberry,mesophyte,
227,2,20210517,1,ACRU,7,S,Acer rubrum,red maple,mesophyte,
228,2,20210517,1,QUNI,22.5,S,Quercus nigra,water oak,mesophyte,
229,2,20210517,1,QUAL,4,S,Quercus alba,white oak,pyrophyte,
230,2,20210517,1,VACCI,3.5,S,Vaccinium sp.,blueberry,mesophyte,
231,2,20210517,1,VACCI,9,S,Vaccinium sp.,blueberry,mesophyte,
232,2,20210517,1,PITA,8.5,I,Pinus taeda,loblolly pine,pyrophyte,
233,2,20210517,1,PRUNUS,7.7,S,Prunus sp.,cherry,intermediate,
234,2,20210517,1,PITA,29.7,D,Pinus taeda,loblolly pine,pyrophyte,
235,2,20210517,1,FAGR,14.7,I,Fagus grandifolia,American beech,mesophyte,
236,2,20210517,E,LIST,20.9,I,Liquidambar styraciflua,sweetgum,mesophyte,
237,2,20210517,1,VACCI,1,S,Vaccinium sp.,blueberry,mesophyte,
238,2,20210517,1,VACCI,1,S,Vaccinium sp.,blueberry,mesophyte,
239,2,20210517,1,VACCI,3.5,S,Vaccinium sp.,blueberry,mesophyte,
240,2,20210517,1,PIEC,9.7,I,Pinus echinata,shortleaf pine,pyrophyte,
241,2,20210517,1,LIST,3.5,S,Liquidambar styraciflua,sweetgum,mesophyte,
242,2,20210517,1,PRUNUS,14,I,Prunus sp.,cherry,intermediate,
243,2,20210517,1,VACCI,5,S,Vaccinium sp.,blueberry,mesophyte,
244,2,20210517,1,SW,18.8,I,Oxydendrum arboreum,sourwood,intermediate,
245,2,20210517,1,LIST,1,S,Liquidambar styraciflua,sweetgum,mesophyte,
246,2,20210517,1,LIST,25.5,C,Liquidambar styraciflua,sweetgum,mesophyte,
247,2,20210517,1,NYSY,2.5,S,Nyssa sylvatica,black gum,mesophyte,
248,2,20210517,1,LIST,10,I,Liquidambar styraciflua,sweetgum,mesophyte,
249,2,20210517,1,LIST,3.7,S,Liquidambar styraciflua,sweetgum,mesophyte,
250,2,20210517,FB,QUNI,19.8,I,Quercus nigra,water oak,mesophyte,
251,2,20210517,E,FAGR,21.8,I,Fagus grandifolia,American beech,mesophyte,
252,2,20210517,E,PITA,20,C,Pinus taeda,loblolly pine,pyrophyte,
253,2,20210517,E,QUNI,17.4,I,Quercus nigra,water oak,mesophyte,
254,2,20210517,E,JUVI,1,S,Juniperus virginiana,eastern red cedar,mesophyte,
255,2,20210517,1,QUNI,40.4,C,Quercus nigra,water oak,mesophyte,
256,2,20210517,1,CARYA,5.1,S,Carya sp.,hickory,intermediate,
257,2,20210517,E,PITA,19.9,I,Pinus taeda,loblolly pine,pyrophyte,
258,2,20210517,E,PITA,15.8,I,Pinus taeda,loblolly pine,pyrophyte,
259,2,20210517,E,QUAL,5.7,S,Quercus alba,white oak,pyrophyte,
260,2,20210517,E,QUNI,6.9,S,Quercus nigra,water oak,mesophyte,
261,2,20210517,E,PITA,28.3,D,Pinus taeda,loblolly pine,pyrophyte,
262,2,20210517,2,FAGR,17.3,S,Fagus grandifolia,American beech,mesophyte,
263,2,20210517,2,FAGR,15.2,S,Fagus grandifolia,American beech,mesophyte,
264,2,20210517,2,CARYA,10.2,S,Carya sp.,hickory,intermediate,
265,2,20210517,FB,LIST,1.5,S,Liquidambar styraciflua,sweetgum,mesophyte,
266,2,20210517,FB,PITA,18.5,I,Pinus taeda,loblolly pine,pyrophyte,
267,2,20210517,FB,LIST,1.8,S,Liquidambar styraciflua,sweetgum,mesophyte,
268,2,20210517,2,QUNI,34.2,C,Quercus nigra,water oak,mesophyte,
269,2,20210517,2,QUNI,27,C,Quercus nigra,water oak,mesophyte,
270,2,20210517,2,LIST,1.4,S,Liquidambar styraciflua,sweetgum,mesophyte,
271,2,20210517,2,QUAL,9.4,I,Quercus alba,white oak,pyrophyte,
272,2,20210517,2,LIST,32,I,Liquidambar styraciflua,sweetgum,mesophyte,
273,2,20210517,2,QUNI,8.4,I,Quercus nigra,water oak,mesophyte,
274,2,20210517,2,QUFA,12,S,Quercus falcata,southern red oak,pyrophyte,
275,2,20210517,2,QUAL,3.1,S,Quercus alba,white oak,pyrophyte,
276,2,20210517,2,LIST,32.7,C,Liquidambar styraciflua,sweetgum,mesophyte,
277,2,20210517,2,CARYA,14.8,I,Carya sp.,hickory,intermediate,
278,2,20210517,2,PIEC,17.3,I,Pinus echinata,shortleaf pine,pyrophyte,
279,2,20210517,E,FAGR,19.7,S,Fagus grandifolia,American beech,mesophyte,
280,2,20210517,E,FAGR,12,S,Fagus grandifolia,American beech,mesophyte,
281,2,20210517,E,PITA,41.5,C,Pinus taeda,loblolly pine,pyrophyte,
282,2,20210517,2,QUAL,47.8,C,Quercus alba,white oak,pyrophyte,
283,2,20210517,2,PRUNUS,7.3,S,Prunus sp.,cherry,intermediate,
284,2,20210517,2,NYSY,2,S,Nyssa sylvatica,black gum,mesophyte,
285,2,20210517,2,LIST,1,S,Liquidambar styraciflua,sweetgum,mesophyte,
286,2,20210517,2,LIST,1,S,Liquidambar styraciflua,sweetgum,mesophyte,
287,2,20210517,2,LIST,6.1,S,Liquidambar styraciflua,sweetgum,mesophyte,
288,2,20210517,2,QUAL,8.1,I,Quercus alba,white oak,pyrophyte,
289,2,20210517,2,LIST,3.8,S,Liquidambar styraciflua,sweetgum,mesophyte,
290,2,20210517,2,QUNI,22.8,I,Quercus nigra,water oak,mesophyte,
291,2,20210517,2,QUAL,12.4,I,Quercus alba,white oak,pyrophyte,
292,2,20210517,2,PITA,31.8,C,Pinus taeda,loblolly pine,pyrophyte,
293,2,20210517,2,VACCI,2.5,S,Vaccinium sp.,blueberry,mesophyte,
294,2,20210517,2,VACCI,8.5,S,Vaccinium sp.,blueberry,mesophyte,
295,2,20210517,2,NYSY,3.3,S,Nyssa sylvatica,black gum,mesophyte,
296,2,20210517,2,PITA,8,S,Pinus taeda,loblolly pine,pyrophyte,
297,2,20210517,2,QUAL,5,S,Quercus alba,white oak,pyrophyte,
298,2,20210517,2,QUNI,3.7,S,Quercus nigra,water oak,mesophyte,
299,2,20210517,2,QUNI,5,I,Quercus nigra,water oak,mesophyte,
300,2,20210517,2,LIST,2.5,S,Liquidambar styraciflua,sweetgum,mesophyte,
301,2,20210517,FB,PITA,11.5,C,Pinus taeda,loblolly pine,pyrophyte,
302,2,20210517,3,LIST,20.2,I,Liquidambar styraciflua,sweetgum,mesophyte,
303,2,20210517,3,QUNI,17,S,Quercus nigra,water oak,mesophyte,
304,2,20210517,3,QUNI,17.5,S,Quercus nigra,water oak,mesophyte,
305,2,20210517,3,ACRU,24.5,I,Acer rubrum,red maple,mesophyte,
306,2,20210517,3,QUNI,8.5,S,Quercus nigra,water oak,mesophyte,
307,2,20210517,3,PITA,9.4,S,Pinus taeda,loblolly pine,pyrophyte,
308,2,20210517,3,PITA,14,I,Pinus taeda,loblolly pine,pyrophyte,
309,2,20210517,3,PITA,13.4,I,Pinus taeda,loblolly pine,pyrophyte,
310,2,20210517,3,SW,11,I,Oxydendrum arboreum,sourwood,intermediate,
311,2,20210517,3,PIEC,15.2,I,Pinus echinata,shortleaf pine,pyrophyte,
312,2,20210517,FB,PITA,32.3,C,Pinus taeda,loblolly pine,pyrophyte,
313,2,20210517,FB,LIST,2,S,Liquidambar styraciflua,sweetgum,mesophyte,
314,2,20210517,3,PRUNUS,16.7,I,Prunus sp.,cherry,intermediate,
315,2,20210517,3,LIST,4.1,S,Liquidambar styraciflua,sweetgum,mesophyte,
316,2,20210517,3,LIST,1,S,Liquidambar styraciflua,sweetgum,mesophyte,
317,2,20210517,3,LIST,1,S,Liquidambar styraciflua,sweetgum,mesophyte,
318,2,20210517,3,LIST,3.5,S,Liquidambar styraciflua,sweetgum,mesophyte,
319,2,20210517,3,QUNI,10.5,I,Quercus nigra,water oak,mesophyte,
320,2,20210517,3,PITA,37.2,C,Pinus taeda,loblolly pine,pyrophyte,
321,2,20210517,3,PITA,20.5,C,Pinus taeda,loblolly pine,pyrophyte,
322,2,20210517,3,QUAL,6.2,S,Quercus alba,white oak,pyrophyte,
323,2,20210517,3,QUAL,5.4,S,Quercus alba,white oak,pyrophyte,
324,2,20210517,3,JUVI,6.5,S,Juniperus virginiana,eastern red cedar,mesophyte,
325,2,20210517,3,QUNI,8.5,S,Quercus nigra,water oak,mesophyte,
326,2,20210517,E,ACRU,18.7,I,Acer rubrum,red maple,mesophyte,
327,2,20210517,E,LIST,13,I,Liquidambar styraciflua,sweetgum,mesophyte,
328,2,20210517,E,FAGR,18,I,Fagus grandifolia,American beech,mesophyte,
329,2,20210517,3,LIST,17.4,I,Liquidambar styraciflua,sweetgum,mesophyte,
330,2,20210517,3,VACCI,1,S,Vaccinium sp.,blueberry,mesophyte,
331,2,20210517,3,QUNI,4,S,Quercus nigra,water oak,mesophyte,
332,2,20210517,3,NYSY,7,S,Nyssa sylvatica,black gum,mesophyte,
333,2,20210517,3,LIST,12.1,I,Liquidambar styraciflua,sweetgum,mesophyte,
334,2,20210517,3,ACRU,4.2,S,Acer rubrum,red maple,mesophyte,
335,2,20210517,3,PITA,11.9,I,Pinus taeda,loblolly pine,pyrophyte,
336,2,20210517,3,PITA,43.9,D,Pinus taeda,loblolly pine,pyrophyte,
337,2,20210517,3,PITA,27.5,C,Pinus taeda,loblolly pine,pyrophyte,
338,2,20210517,3,NYSY,13.5,I,Nyssa sylvatica,black gum,mesophyte,
339,2,20210517,3,PITA,15.7,I,Pinus taeda,loblolly pine,pyrophyte,
340,2,20210517,3,VACCI,5,S,Vaccinium sp.,blueberry,mesophyte,
341,2,20210517,3,VACCI,6,S,Vaccinium sp.,blueberry,mesophyte,
342,2,20210517,3,PITA,43,C,Pinus taeda,loblolly pine,pyrophyte,
343,2,20210517,3,LIST,9.5,I,Liquidambar styraciflua,sweetgum,mesophyte,
344,2,20210517,E,PRUNUS,5.5,S,Prunus sp.,cherry,intermediate,
345,2,20210517,3,QUNI,15.8,I,Quercus nigra,water oak,mesophyte,
346,2,20210517,3,LIST,1.2,S,Liquidambar styraciflua,sweetgum,mesophyte,
347,2,20210517,FB,VACCI,8.5,S,Vaccinium sp.,blueberry,mesophyte,
348,2,20210517,3,QUNI,27.5,I,Quercus nigra,water oak,mesophyte,
349,2,20210517,3,VACCI,1.5,S,Vaccinium sp.,blueberry,mesophyte,
350,2,20210517,3,PITA,35.2,C,Pinus taeda,loblolly pine,pyrophyte,
351,2,20210517,3,PITA,11.5,S,Pinus taeda,loblolly pine,pyrophyte,
352,2,20210517,E,QUNI,10,I,Quercus nigra,water oak,mesophyte,
353,2,20210517,E,ACRU,27.7,I,Acer rubrum,red maple,mesophyte,
354,2,20210517,E,LIST,26.8,I,Liquidambar styraciflua,sweetgum,mesophyte,
355,2,20210517,4,PITA,29.2,C,Pinus taeda,loblolly pine,pyrophyte,
356,2,20210517,4,LIST,20.3,I,Liquidambar styraciflua,sweetgum,mesophyte,
357,2,20210517,4,PITA,11.9,I,Pinus taeda,loblolly pine,pyrophyte,
358,2,20210517,4,QUAL,8,I,Quercus alba,white oak,pyrophyte,
359,2,20210517,4,PITA,10,I,Pinus taeda,loblolly pine,pyrophyte,
360,2,20210517,4,FAGR,13.1,I,Fagus grandifolia,American beech,mesophyte,
361,2,20210517,4,PITA,39,D,Pinus taeda,loblolly pine,pyrophyte,
362,2,20210517,FB,QUAL,24.2,C,Quercus alba,white oak,pyrophyte,
363,2,20210517,4,LIST,2.2,S,Liquidambar styraciflua,sweetgum,mesophyte,
364,2,20210517,4,PITA,36.2,C,Pinus taeda,loblolly pine,pyrophyte,
365,2,20210517,4,PIEC,29.3,C,Pinus echinata,shortleaf pine,pyrophyte,
366,2,20210517,4,PRUNUS,12,I,Prunus sp.,cherry,intermediate,
367,2,20210517,4,QUNI,8.5,I,Quercus nigra,water oak,mesophyte,
368,2,20210517,4,LIST,4,S,Liquidambar styraciflua,sweetgum,mesophyte,
369,2,20210517,4,PITA,9.1,I,Pinus taeda,loblolly pine,pyrophyte,
370,2,20210517,4,PITA,38.1,C,Pinus taeda,loblolly pine,pyrophyte,
371,2,20210517,4,DIVI,8.4,I,Diospyros virginiana,persimmon,intermediate,
372,2,20210517,4,PITA,5.4,S,Pinus taeda,loblolly pine,pyrophyte,
373,2,20210517,4,COFL,13.7,S,Cornus florida,flowering dogwood,intermediate,
374,2,20210517,4,COFL,5.5,S,Cornus florida,flowering dogwood,intermediate,
375,2,20210517,4,COFL,3.4,S,Cornus florida,flowering dogwood,intermediate,
376,2,20210517,4,QUNI,19.9,I,Quercus nigra,water oak,mesophyte,
377,2,20210517,4,QUNI,4.7,S,Quercus nigra,water oak,mesophyte,
378,2,20210517,4,NYSY,3.1,S,Nyssa sylvatica,black gum,mesophyte,
379,2,20210517,FB,QUNI,20,I,Quercus nigra,water oak,mesophyte,
380,2,20210517,4,LIST,4.5,S,Liquidambar styraciflua,sweetgum,mesophyte,
381,2,20210517,4,VACCI,3.5,S,Vaccinium sp.,blueberry,mesophyte,
382,2,20210517,4,LIST,9,I,Liquidambar styraciflua,sweetgum,mesophyte,
383,2,20210517,4,CARYA,38,C,Carya sp.,hickory,intermediate,
384,2,20210517,E,PITA,39.1,C,Pinus taeda,loblolly pine,pyrophyte,
385,2,20210517,4,LIST,18.5,I,Liquidambar styraciflua,sweetgum,mesophyte,
386,2,20210517,4,LIST,7.8,S,Liquidambar styraciflua,sweetgum,mesophyte,
387,2,20210517,4,QUNI,5.2,S,Quercus nigra,water oak,mesophyte,
388,2,20210517,4,PITA,19.7,I,Pinus taeda,loblolly pine,pyrophyte,
389,2,20210517,4,FAGR,19.2,I,Fagus grandifolia,American beech,mesophyte,
390,2,20210517,4,QUNI,9.8,I,Quercus nigra,water oak,mesophyte,
391,2,20210517,4,COFL,5.3,S,Cornus florida,flowering dogwood,intermediate,
392,2,20210517,E,LIST,21,C,Liquidambar styraciflua,sweetgum,mesophyte,
393,2,20210517,E,LIST,15,I,Liquidambar styraciflua,sweetgum,mesophyte,
394,2,20210517,E,LIST,18,I,Liquidambar styraciflua,sweetgum,mesophyte,
395,3,20210518,1,PITA,49.3,C,Pinus taeda,loblolly pine,pyrophyte,
396,3,20210518,1,QUNI,10.8,I,Quercus nigra,water oak,mesophyte,
397,3,20210518,1,LIST,2.8,S,Liquidambar styraciflua,sweetgum,mesophyte,
398,3,20210518,1,LIST,1.8,S,Liquidambar styraciflua,sweetgum,mesophyte,
399,3,20210518,1,QUNI,37.6,C,Quercus nigra,water oak,mesophyte,
400,3,20210518,1,LIST,2.3,S,Liquidambar styraciflua,sweetgum,mesophyte,
401,3,20210518,1,LIST,1,S,Liquidambar styraciflua,sweetgum,mesophyte,
402,3,20210518,1,LIST,1.5,S,Liquidambar styraciflua,sweetgum,mesophyte,
403,3,20210518,1,LIST,8.1,I,Liquidambar styraciflua,sweetgum,mesophyte,
404,3,20210518,1,NYSY,7.3,I,Nyssa sylvatica,black gum,mesophyte,
405,3,20210518,1,PITA,45.5,C,Pinus taeda,loblolly pine,pyrophyte,
406,3,20210518,1,QUAL,3.8,S,Quercus alba,white oak,pyrophyte,
407,3,20210518,1,LIST,8.9,I,Liquidambar styraciflua,sweetgum,mesophyte,
408,3,20210518,1,PITA,15.1,I,Pinus taeda,loblolly pine,pyrophyte,
409,3,20210518,1,LIST,5,S,Liquidambar styraciflua,sweetgum,mesophyte,
410,3,20210518,1,PIEC,18.5,I,Pinus echinata,shortleaf pine,pyrophyte,
411,3,20210518,1,LIST,8.1,I,Liquidambar styraciflua,sweetgum,mesophyte,
412,3,20210518,1,QUNI,10.6,I,Quercus nigra,water oak,mesophyte,
413,3,20210518,1,QUNI,12.9,I,Quercus nigra,water oak,mesophyte,
414,3,20210518,1,QUNI,23.5,I,Quercus nigra,water oak,mesophyte,
415,3,20210518,1,LIST,11.2,I,Liquidambar styraciflua,sweetgum,mesophyte,
416,3,20210518,1,SW,12.2,I,Oxydendrum arboreum,sourwood,intermediate,
417,3,20210518,1,LIST,5.9,S,Liquidambar styraciflua,sweetgum,mesophyte,
418,3,20210518,1,QUNI,26.8,I,Quercus nigra,water oak,mesophyte,
419,3,20210518,1,NYSY,9.6,S,Nyssa sylvatica,black gum,mesophyte,
420,3,20210518,1,LIST,24.4,I,Liquidambar styraciflua,sweetgum,mesophyte,
421,3,20210518,1,LIST,5.5,S,Liquidambar styraciflua,sweetgum,mesophyte,
422,3,20210518,1,LIST,2.4,S,Liquidambar styraciflua,sweetgum,mesophyte,
423,3,20210518,1,LIST,1,S,Liquidambar styraciflua,sweetgum,mesophyte,
424,3,20210518,1,LIST,5.5,S,Liquidambar styraciflua,sweetgum,mesophyte,
425,3,20210518,1,NYSY,4.1,S,Nyssa sylvatica,black gum,mesophyte,
426,3,20210518,1,LIST,11.2,I,Liquidambar styraciflua,sweetgum,mesophyte,
427,3,20210518,1,QUNI,40.3,C,Quercus nigra,water oak,mesophyte,
428,3,20210518,1,VACCI,1.5,S,Vaccinium sp.,blueberry,mesophyte,
429,3,20210518,1,LIST,1.8,S,Liquidambar styraciflua,sweetgum,mesophyte,
430,3,20210518,E,QUAL,5.5,S,Quercus alba,white oak,pyrophyte,
431,3,20210518,1,LIST,1,S,Liquidambar styraciflua,sweetgum,mesophyte,
432,3,20210518,1,PIEC,14,I,Pinus echinata,shortleaf pine,pyrophyte,
433,3,20210518,1,LIST,4.4,S,Liquidambar styraciflua,sweetgum,mesophyte,
434,3,20210518,1,LIST,7.4,I,Liquidambar styraciflua,sweetgum,mesophyte,
435,3,20210518,1,QUNI,22.9,C,Quercus nigra,water oak,mesophyte,
436,3,20210518,1,LIST,8.7,I,Liquidambar styraciflua,sweetgum,mesophyte,
437,3,20210518,1,QUNI,15.7,I,Quercus nigra,water oak,mesophyte,
438,3,20210518,1,LIST,2,S,Liquidambar styraciflua,sweetgum,mesophyte,
439,3,20210518,FB,LIST,2.5,S,Liquidambar styraciflua,sweetgum,mesophyte,
440,3,20210518,FB,PITA,39.9,C,Pinus taeda,loblolly pine,pyrophyte,
441,3,20210518,FB,QUNI,19.2,I,Quercus nigra,water oak,mesophyte,
442,3,20210518,FB,PITA,22.5,C,Pinus taeda,loblolly pine,pyrophyte,
443,3,20210518,FB,QUNI,14.1,I,Quercus nigra,water oak,mesophyte,
444,3,20210518,FB,QUFA,18.7,I,Quercus falcata,southern red oak,pyrophyte,
445,3,20210518,FB,LIST,1,S,Liquidambar styraciflua,sweetgum,mesophyte,
446,3,20210518,2,PITA,40.5,C,Pinus taeda,loblolly pine,pyrophyte,
447,3,20210518,2,LIST,6.4,S,Liquidambar styraciflua,sweetgum,mesophyte,
448,3,20210518,E,QUNI,35.5,C,Quercus nigra,water oak,mesophyte,
449,3,20210518,2,LIST,12.9,I,Liquidambar styraciflua,sweetgum,mesophyte,
450,3,20210518,2,PITA,35.6,C,Pinus taeda,loblolly pine,pyrophyte,
451,3,20210518,2,LIST,15,I,Liquidambar styraciflua,sweetgum,mesophyte,
452,3,20210518,2,PRUNUS,15.8,S,Prunus sp.,cherry,intermediate,
453,3,20210518,2,LIST,6,S,Liquidambar styraciflua,sweetgum,mesophyte,
454,3,20210518,2,ACRU,11,I,Acer rubrum,red maple,mesophyte,
455,3,20210518,2,LIST,6.1,S,Liquidambar styraciflua,sweetgum,mesophyte,
456,3,20210518,2,NYSY,5.2,S,Nyssa sylvatica,black gum,mesophyte,
457,3,20210518,2,QUAL,8.6,I,Quercus alba,white oak,pyrophyte,
458,3,20210518,2,VACCI,2.5,S,Vaccinium sp.,blueberry,mesophyte,
459,3,20210518,2,ACRU,8.1,S,Acer rubrum,red maple,mesophyte,
460,3,20210518,2,VACCI,2,S,Vaccinium sp.,blueberry,mesophyte,
461,3,20210518,2,LIST,1.5,S,Liquidambar styraciflua,sweetgum,mesophyte,
462,3,20210518,2,ACRU,6,S,Acer rubrum,red maple,mesophyte,
463,3,20210518,2,QUNI,26.9,C,Quercus nigra,water oak,mesophyte,
464,3,20210518,2,ACRU,4.6,S,Acer rubrum,red maple,mesophyte,
465,3,20210518,2,QUFA,13.3,I,Quercus falcata,southern red oak,pyrophyte,
466,3,20210518,E,LIST,18.6,I,Liquidambar styraciflua,sweetgum,mesophyte,
467,3,20210518,2,QUNI,37.9,C,Quercus nigra,water oak,mesophyte,
468,3,20210518,2,LIST,7.5,I,Liquidambar styraciflua,sweetgum,mesophyte,
469,3,20210518,2,NYSY,6.4,S,Nyssa sylvatica,black gum,mesophyte,
470,3,20210518,2,LIST,9.4,I,Liquidambar styraciflua,sweetgum,mesophyte,
471,3,20210518,2,QUNI,12.1,I,Quercus nigra,water oak,mesophyte,
472,3,20210518,2,LIST,4.1,S,Liquidambar styraciflua,sweetgum,mesophyte,
473,3,20210518,2,VACCI,1,S,Vaccinium sp.,blueberry,mesophyte,
474,3,20210518,2,LIST,1.8,S,Liquidambar styraciflua,sweetgum,mesophyte,
475,3,20210518,2,VACCI,2,S,Vaccinium sp.,blueberry,mesophyte,
476,3,20210518,2,NYSY,7.3,S,Nyssa sylvatica,black gum,mesophyte,
477,3,20210518,2,LIST,6.3,I,Liquidambar styraciflua,sweetgum,mesophyte,
478,3,20210518,2,VACCI,1.5,S,Vaccinium sp.,blueberry,mesophyte,
479,3,20210518,2,LIST,1,S,Liquidambar styraciflua,sweetgum,mesophyte,
480,3,20210518,2,ACRU,2,S,Acer rubrum,red maple,mesophyte,
481,3,20210518,2,VACCI,2.5,S,Vaccinium sp.,blueberry,mesophyte,
482,3,20210518,2,LIST,4.5,S,Liquidambar styraciflua,sweetgum,mesophyte,
483,3,20210518,E,ACRU,9.3,I,Acer rubrum,red maple,mesophyte,
484,3,20210518,E,ACRU,9.7,I,Acer rubrum,red maple,mesophyte,
485,3,20210518,E,LITU,26.7,C,Liquidambar styraciflua,tulip poplar,mesophyte,
486,3,20210518,2,SW,14.7,I,Oxydendrum arboreum,sourwood,intermediate,
487,3,20210518,E,ACRU,3.7,S,Acer rubrum,red maple,mesophyte,
488,3,20210518,E,LIST,7.8,S,Liquidambar styraciflua,sweetgum,mesophyte,
489,3,20210518,E,LIST,10.5,S,Liquidambar styraciflua,sweetgum,mesophyte,
490,3,20210518,E,QUNI,37.6,C,Quercus nigra,water oak,mesophyte,
491,3,20210518,FB,NYSY,19,I,Nyssa sylvatica,black gum,mesophyte,
492,3,20210518,FB,NYSY,6.3,S,Nyssa sylvatica,black gum,mesophyte,
493,3,20210518,FB,LIST,2.8,S,Liquidambar styraciflua,sweetgum,mesophyte,
494,3,20210518,FB,VACCI,2.5,S,Vaccinium sp.,blueberry,mesophyte,
495,3,20210518,FB,VACCI,4.5,S,Vaccinium sp.,blueberry,mesophyte,
496,3,20210518,FB,LIST,1,S,Liquidambar styraciflua,sweetgum,mesophyte,
497,3,20210518,3,LIST,24.5,I,Liquidambar styraciflua,sweetgum,mesophyte,
498,3,20210518,3,PITA,25.5,C,Pinus taeda,loblolly pine,pyrophyte,
499,3,20210518,3,FAGR,2,S,Fagus grandifolia,American beech,mesophyte,
500,3,20210518,3,LIST,10,S,Liquidambar styraciflua,sweetgum,mesophyte,
501,3,20210518,3,LIST,9.7,I,Liquidambar styraciflua,sweetgum,mesophyte,
502,3,20210518,3,QUNI,43.3,C,Quercus nigra,water oak,mesophyte,
503,3,20210518,3,SW,11.4,I,Oxydendrum arboreum,sourwood,intermediate,
504,3,20210518,3,NYSY,7.5,S,Nyssa sylvatica,black gum,mesophyte,
505,3,20210518,3,QUNI,14.4,I,Quercus nigra,water oak,mesophyte,
506,3,20210518,3,LIST,11.5,S,Liquidambar styraciflua,sweetgum,mesophyte,
507,3,20210518,3,QUNI,21.5,I,Quercus nigra,water oak,mesophyte,
508,3,20210518,3,LIST,7.4,I,Liquidambar styraciflua,sweetgum,mesophyte,
509,3,20210518,3,LIST,12.8,I,Liquidambar styraciflua,sweetgum,mesophyte,
510,3,20210518,3,LIST,4.3,S,Liquidambar styraciflua,sweetgum,mesophyte,
511,3,20210518,3,VACCI,1,S,Vaccinium sp.,blueberry,mesophyte,
512,3,20210518,3,QUNI,36.8,C,Quercus nigra,water oak,mesophyte,
513,3,20210518,3,FAGR,9.5,S,Fagus grandifolia,American beech,mesophyte,
514,3,20210518,3,LIST,10.8,S,Liquidambar styraciflua,sweetgum,mesophyte,
515,3,20210518,3,PITA,26.4,C,Pinus taeda,loblolly pine,pyrophyte,
516,3,20210518,3,SW,9,S,Oxydendrum arboreum,sourwood,intermediate,
517,3,20210518,3,LIST,6.6,S,Liquidambar styraciflua,sweetgum,mesophyte,
518,3,20210518,3,LIST,5.4,S,Liquidambar styraciflua,sweetgum,mesophyte,
519,3,20210518,3,QUNI,28.7,C,Quercus nigra,water oak,mesophyte,
520,3,20210518,3,VACCI,1,S,Vaccinium sp.,blueberry,mesophyte,
521,3,20210518,3,VACCI,1,S,Vaccinium sp.,blueberry,mesophyte,
522,3,20210518,3,PITA,39.8,C,Pinus taeda,loblolly pine,pyrophyte,
523,3,20210518,3,LIST,4.3,S,Liquidambar styraciflua,sweetgum,mesophyte,
524,3,20210518,3,NYSY,6.5,I,Nyssa sylvatica,black gum,mesophyte,
525,3,20210518,3,LIST,3,S,Liquidambar styraciflua,sweetgum,mesophyte,
526,3,20210518,3,SW,6.1,S,Oxydendrum arboreum,sourwood,intermediate,
527,3,20210518,3,SW,14.4,I,Oxydendrum arboreum,sourwood,intermediate,
528,3,20210518,3,PITA,21.6,C,Pinus taeda,loblolly pine,pyrophyte,
529,3,20210518,3,SW,18.3,I,Oxydendrum arboreum,sourwood,intermediate,
530,3,20210518,3,VACCI,9,S,Vaccinium sp.,blueberry,mesophyte,
531,3,20210518,3,NYSY,15.2,I,Nyssa sylvatica,black gum,mesophyte,
532,3,20210518,3,LIST,13.4,I,Liquidambar styraciflua,sweetgum,mesophyte,
533,3,20210518,3,VACCI,2,S,Vaccinium sp.,blueberry,mesophyte,
534,3,20210518,3,VACCI,4,S,Vaccinium sp.,blueberry,mesophyte,
535,3,20210518,3,VACCI,2,S,Vaccinium sp.,blueberry,mesophyte,
536,3,20210518,3,VACCI,2,S,Vaccinium sp.,blueberry,mesophyte,
537,3,20210518,3,QUNI,23.2,I,Quercus nigra,water oak,mesophyte,
538,3,20210518,3,LIST,3,S,Liquidambar styraciflua,sweetgum,mesophyte,
539,3,20210518,3,VACCI,3,S,Vaccinium sp.,blueberry,mesophyte,
540,3,20210518,3,QUNI,14.1,I,Quercus nigra,water oak,mesophyte,
541,3,20210518,3,LIST,4,S,Liquidambar styraciflua,sweetgum,mesophyte,
542,3,20210518,3,QUNI,31,C,Quercus nigra,water oak,mesophyte,
543,3,20210518,FB,VACCI,6.5,S,Vaccinium sp.,blueberry,mesophyte,
544,3,20210518,FB,VACCI,5,S,Vaccinium sp.,blueberry,mesophyte,
545,3,20210518,FB,SW,5,S,Oxydendrum arboreum,sourwood,intermediate,
546,3,20210518,FB,SW,12.2,I,Oxydendrum arboreum,sourwood,intermediate,
547,3,20210518,FB,PITA,35.1,C,Pinus taeda,loblolly pine,pyrophyte,
548,3,20210518,4,SW,22,I,Oxydendrum arboreum,sourwood,intermediate,
549,3,20210518,4,LIST,1,S,Liquidambar styraciflua,sweetgum,mesophyte,
550,3,20210518,4,QUNI,13.8,I,Quercus nigra,water oak,mesophyte,
551,3,20210518,4,PITA,14,I,Pinus taeda,loblolly pine,pyrophyte,
552,3,20210518,E,QUNI,36.1,C,Quercus nigra,water oak,mesophyte,
553,3,20210518,E,LIST,13.2,I,Liquidambar styraciflua,sweetgum,mesophyte,
554,3,20210518,4,LIST,10,I,Liquidambar styraciflua,sweetgum,mesophyte,
555,3,20210518,4,LIST,4.6,I,Liquidambar styraciflua,sweetgum,mesophyte,
556,3,20210518,4,LIST,3.3,S,Liquidambar styraciflua,sweetgum,mesophyte,
557,3,20210518,4,LIST,7.2,I,Liquidambar styraciflua,sweetgum,mesophyte,
558,3,20210518,4,QUAL,4,S,Quercus alba,white oak,pyrophyte,
559,3,20210518,4,LIST,15.5,I,Liquidambar styraciflua,sweetgum,mesophyte,
560,3,20210518,4,VACCI,2.5,S,Vaccinium sp.,blueberry,mesophyte,
561,3,20210518,4,LIST,19.7,I,Liquidambar styraciflua,sweetgum,mesophyte,
562,3,20210518,4,LIST,1,S,Liquidambar styraciflua,sweetgum,mesophyte,
563,3,20210518,4,JUVI,1,S,Juniperus virginiana,eastern red cedar,mesophyte,
564,3,20210518,4,PIEC,20.2,I,Pinus echinata,shortleaf pine,pyrophyte,
565,3,20210518,4,PITA,23.9,C,Pinus taeda,loblolly pine,pyrophyte,
566,3,20210518,4,LIST,3.2,S,Liquidambar styraciflua,sweetgum,mesophyte,
567,3,20210518,4,QUAL,7.1,I,Quercus alba,white oak,pyrophyte,
568,3,20210518,4,PITA,25,I,Pinus taeda,loblolly pine,pyrophyte,
569,3,20210518,4,PITA,31.1,C,Pinus taeda,loblolly pine,pyrophyte,
570,3,20210518,4,LIST,1.5,S,Liquidambar styraciflua,sweetgum,mesophyte,
571,3,20210518,4,LIST,1.5,S,Liquidambar styraciflua,sweetgum,mesophyte,
572,3,20210518,4,VACCI,2.5,S,Vaccinium sp.,blueberry,mesophyte,
573,3,20210518,4,PITA,5.3,I,Pinus taeda,loblolly pine,pyrophyte,
574,3,20210518,4,PITA,8.8,I,Pinus taeda,loblolly pine,pyrophyte,
575,3,20210518,4,PIEC,19.4,I,Pinus echinata,shortleaf pine,pyrophyte,
576,3,20210518,4,LIST,14.4,I,Liquidambar styraciflua,sweetgum,mesophyte,
577,3,20210518,4,VACCI,1.5,S,Vaccinium sp.,blueberry,mesophyte,
578,3,20210518,4,PITA,29.5,C,Pinus taeda,loblolly pine,pyrophyte,
579,3,20210518,4,LIST,2.2,S,Liquidambar styraciflua,sweetgum,mesophyte,
580,3,20210518,4,QUNI,16.4,I,Quercus nigra,water oak,mesophyte,
581,3,20210518,4,PITA,32,C,Pinus taeda,loblolly pine,pyrophyte,
582,3,20210518,4,PITA,32,C,Pinus taeda,loblolly pine,pyrophyte,
583,3,20210518,E,SW,36.2,I,Oxydendrum arboreum,sourwood,intermediate,
584,3,20210518,E,PIEC,21.4,I,Pinus echinata,shortleaf pine,pyrophyte,
585,3,20210518,E,PITA,35.3,C,Pinus taeda,loblolly pine,pyrophyte,
586,3,20210518,FB,LIST,15.3,I,Liquidambar styraciflua,sweetgum,mesophyte,
587,3,20210518,FB,ACRU,6.5,S,Acer rubrum,red maple,mesophyte,
588,3,20210518,FB,ACRU,4.9,S,Acer rubrum,red maple,mesophyte,
589,3,20210518,FB,PIEC,11.5,I,Pinus echinata,shortleaf pine,pyrophyte,
590,3,20210518,FB,LIST,12.8,I,Liquidambar styraciflua,sweetgum,mesophyte,
591,3,20210518,FB,ACRU,10.5,I,Acer rubrum,red maple,mesophyte,
592,3,20210518,FB,VACCI,1.5,S,Vaccinium sp.,blueberry,mesophyte,
593,4,20210518,1,PITA,32.9,C,Pinus taeda,loblolly pine,pyrophyte,
594,4,20210518,1,LIST,5,S,Liquidambar styraciflua,sweetgum,mesophyte,
595,4,20210518,1,LIST,9,I,Liquidambar styraciflua,sweetgum,mesophyte,
596,4,20210518,1,PITA,36.6,C,Pinus taeda,loblolly pine,pyrophyte,
597,4,20210518,1,VACCI,1.5,S,Vaccinium sp.,blueberry,mesophyte,
598,4,20210518,1,VACCI,1.5,S,Vaccinium sp.,blueberry,mesophyte,
599,4,20210518,1,VACCI,1,S,Vaccinium sp.,blueberry,mesophyte,
600,4,20210518,1,VACCI,1,S,Vaccinium sp.,blueberry,mesophyte,
601,4,20210518,1,CARYA,3.8,S,Carya sp.,hickory,intermediate,
602,4,20210518,1,QUFA,19.4,I,Quercus falcata,southern red oak,pyrophyte,
603,4,20210518,1,PITA,46,C,Pinus taeda,loblolly pine,pyrophyte,
604,4,20210518,E,QUAL,23.2,I,Quercus alba,white oak,pyrophyte,
605,4,20210518,1,PITA,4.3,S,Pinus taeda,loblolly pine,pyrophyte,
606,4,20210518,1,LIST,10.8,I,Liquidambar styraciflua,sweetgum,mesophyte,
607,4,20210518,1,QUNI,17.8,I,Quercus nigra,water oak,mesophyte,
608,4,20210518,1,CARYA,3,S,Carya sp.,hickory,intermediate,
609,4,20210518,1,CARYA,6.4,I,Carya sp.,hickory,intermediate,
610,4,20210518,1,PITA,45.5,C,Pinus taeda,loblolly pine,pyrophyte,
611,4,20210518,1,VACCI,1.5,S,Vaccinium sp.,blueberry,mesophyte,
612,4,20210518,1,QUNI,15.8,I,Quercus nigra,water oak,mesophyte,
613,4,20210518,1,NYSY,13.1,I,Nyssa sylvatica,black gum,mesophyte,
614,4,20210518,1,LIST,13.2,I,Liquidambar styraciflua,sweetgum,mesophyte,
615,4,20210518,1,LIST,3,S,Liquidambar styraciflua,sweetgum,mesophyte,
616,4,20210518,1,LIST,3,S,Liquidambar styraciflua,sweetgum,mesophyte,
617,4,20210518,1,QUNI,26.8,I,Quercus nigra,water oak,mesophyte,
618,4,20210518,E,QUNI,26.4,I,Quercus nigra,water oak,mesophyte,
619,4,20210518,1,PITA,1,S,Pinus taeda,loblolly pine,pyrophyte,
620,4,20210518,1,PIEC,25.6,C,Pinus echinata,shortleaf pine,pyrophyte,
621,4,20210518,1,LIST,3.5,S,Liquidambar styraciflua,sweetgum,mesophyte,
622,4,20210518,1,LIST,1,S,Liquidambar styraciflua,sweetgum,mesophyte,
623,4,20210518,1,VACCI,1,S,Vaccinium sp.,blueberry,mesophyte,
624,4,20210518,1,VACCI,1,S,Vaccinium sp.,blueberry,mesophyte,
625,4,20210518,1,LIST,1,S,Liquidambar styraciflua,sweetgum,mesophyte,
626,4,20210518,1,LIST,1,S,Liquidambar styraciflua,sweetgum,mesophyte,
627,4,20210518,1,QUAL,25.6,C,Quercus alba,white oak,pyrophyte,
628,4,20210518,1,QUAL,31.8,C,Quercus alba,white oak,pyrophyte,
629,4,20210518,E,PIEC,33,C,Pinus echinata,shortleaf pine,pyrophyte,
630,4,20210518,1,LIST,1.5,S,Liquidambar styraciflua,sweetgum,mesophyte,
631,4,20210518,FB,LIST,6.7,S,Liquidambar styraciflua,sweetgum,mesophyte,
632,4,20210518,FB,VACCI,1.5,S,Vaccinium sp.,blueberry,mesophyte,
633,4,20210518,FB,VACCI,1,S,Vaccinium sp.,blueberry,mesophyte,
634,4,20210518,FB,PIEC,29.5,C,Pinus echinata,shortleaf pine,pyrophyte,
635,4,20210518,2,PITA,42,C,Pinus taeda,loblolly pine,pyrophyte,
636,4,20210518,FB,VACCI,1.5,S,Vaccinium sp.,blueberry,mesophyte,
637,4,20210518,FB,ACRU,4.4,S,Acer rubrum,red maple,mesophyte,
638,4,20210518,2,LIST,2.3,S,Liquidambar styraciflua,sweetgum,mesophyte,
639,4,20210518,2,LIST,16.7,I,Liquidambar styraciflua,sweetgum,mesophyte,
640,4,20210518,2,LIST,6.7,S,Liquidambar styraciflua,sweetgum,mesophyte,
641,4,20210518,2,VACCI,1,S,Vaccinium sp.,blueberry,mesophyte,
642,4,20210518,2,LIST,1,S,Liquidambar styraciflua,sweetgum,mesophyte,
643,4,20210518,2,ACRU,6.5,I,Acer rubrum,red maple,mesophyte,
644,4,20210518,2,PIEC,14.1,I,Pinus echinata,shortleaf pine,pyrophyte,
645,4,20210518,2,LIST,2.5,S,Liquidambar styraciflua,sweetgum,mesophyte,
646,4,20210518,E,FAGR,26,I,Fagus grandifolia,American beech,mesophyte,
647,4,20210518,E,LIST,21.4,I,Liquidambar styraciflua,sweetgum,mesophyte,
648,4,20210518,2,LIST,13.9,I,Liquidambar styraciflua,sweetgum,mesophyte,
649,4,20210518,2,ILOP,10.9,I,Ilex opaca,American holly,intermediate,
650,4,20210518,2,FAGR,8.8,I,Fagus grandifolia,American beech,mesophyte,
651,4,20210518,2,CARYA,22,I,Carya sp.,hickory,intermediate,
652,4,20210518,2,QUAL,16.6,I,Quercus alba,white oak,pyrophyte,
653,4,20210518,2,NYSY,9.5,S,Nyssa sylvatica,black gum,mesophyte,
654,4,20210518,2,QUNI,21,I,Quercus nigra,water oak,mesophyte,
655,4,20210518,2,LIST,13.4,I,Liquidambar styraciflua,sweetgum,mesophyte,
656,4,20210518,2,QUFA,20.2,C,Quercus falcata,southern red oak,pyrophyte,
657,4,20210518,2,QUAL,26.2,C,Quercus alba,white oak,pyrophyte,
658,4,20210518,2,LIST,19.5,I,Liquidambar styraciflua,sweetgum,mesophyte,
659,4,20210518,2,ACRU,8,S,Acer rubrum,red maple,mesophyte,
660,4,20210518,2,LIST,11,I,Liquidambar styraciflua,sweetgum,mesophyte,
661,4,20210518,2,PIEC,26.5,C,Pinus echinata,shortleaf pine,pyrophyte,
662,4,20210518,2,PIEC,15.5,C,Pinus echinata,shortleaf pine,pyrophyte,
663,4,20210518,2,FAGR,14.7,I,Fagus grandifolia,American beech,mesophyte,
664,4,20210518,2,DIVI,10.7,I,Diospyros virginiana,persimmon,intermediate,
665,4,20210518,2,LIST,6.7,S,Liquidambar styraciflua,sweetgum,mesophyte,
666,4,20210518,2,FAGR,26,I,Fagus grandifolia,American beech,mesophyte,
667,4,20210518,2,LIST,12.8,I,Liquidambar styraciflua,sweetgum,mesophyte,
668,4,20210518,2,QUNI,20.8,C,Quercus nigra,water oak,mesophyte,
669,4,20210518,E,LIST,8,S,Liquidambar styraciflua,sweetgum,mesophyte,
670,4,20210518,E,QUAL,30,C,Quercus alba,white oak,pyrophyte,
671,4,20210518,E,QUAL,64.4,C,Quercus alba,white oak,pyrophyte,
672,4,20210518,E,QUAL,56.5,D,Quercus alba,white oak,pyrophyte,
673,4,20210518,FB,FAGR,21.7,I,Fagus grandifolia,American beech,mesophyte,
674,4,20210518,FB,ACRU,7.5,S,Acer rubrum,red maple,mesophyte,
675,4,20210518,FB,LIST,20.8,I,Liquidambar styraciflua,sweetgum,mesophyte,
676,4,20210518,FB,VACCI,1.5,S,Vaccinium sp.,blueberry,mesophyte,
677,4,20210518,FB,PITA,49.4,C,Pinus taeda,loblolly pine,pyrophyte,
678,4,20210518,3,LIST,10,I,Liquidambar styraciflua,sweetgum,mesophyte,
679,4,20210518,3,ACRU,7.3,S,Acer rubrum,red maple,mesophyte,
680,4,20210518,3,LIST,10.5,S,Liquidambar styraciflua,sweetgum,mesophyte,
681,4,20210518,3,JUVI,8,S,Juniperus virginiana,eastern red cedar,mesophyte,
682,4,20210518,3,ACRU,15.5,I,Acer rubrum,red maple,mesophyte,
683,4,20210518,3,VACCI,1,S,Vaccinium sp.,blueberry,mesophyte,
684,4,20210518,3,VACCI,2,S,Vaccinium sp.,blueberry,mesophyte,
685,4,20210518,3,LIST,2,S,Liquidambar styraciflua,sweetgum,mesophyte,
686,4,20210518,3,VACCI,1,S,Vaccinium sp.,blueberry,mesophyte,
687,4,20210518,3,VACCI,2,S,Vaccinium sp.,blueberry,mesophyte,
688,4,20210518,3,VACCI,4,S,Vaccinium sp.,blueberry,mesophyte,
689,4,20210518,3,LITU,22.1,I,Liquidambar styraciflua,tulip poplar,mesophyte,
690,4,20210518,3,CARYA,6.2,S,Carya sp.,hickory,intermediate,
691,4,20210518,3,LIST,11.6,I,Liquidambar styraciflua,sweetgum,mesophyte,
692,4,20210518,3,PRUNUS,23.2,I,Prunus sp.,cherry,intermediate,
693,4,20210518,3,ACRU,7.8,I,Acer rubrum,red maple,mesophyte,
694,4,20210518,3,NYSY,7.6,I,Nyssa sylvatica,black gum,mesophyte,
695,4,20210518,3,LIST,3,S,Liquidambar styraciflua,sweetgum,mesophyte,
696,4,20210518,3,JUVI,40.5,C,Juniperus virginiana,eastern red cedar,mesophyte,
697,4,20210518,3,VACCI,3.5,S,Vaccinium sp.,blueberry,mesophyte,
698,4,20210518,3,VACCI,3,S,Vaccinium sp.,blueberry,mesophyte,
699,4,20210518,3,LIST,14.5,I,Liquidambar styraciflua,sweetgum,mesophyte,
700,4,20210518,3,CARYA,6.7,S,Carya sp.,hickory,intermediate,
701,4,20210518,3,VACCI,2,S,Vaccinium sp.,blueberry,mesophyte,
702,4,20210518,3,VACCI,1.5,S,Vaccinium sp.,blueberry,mesophyte,
703,4,20210518,3,LIST,18.9,I,Liquidambar styraciflua,sweetgum,mesophyte,
704,4,20210518,3,VACCI,1,S,Vaccinium sp.,blueberry,mesophyte,
705,4,20210518,E,QUAL,36.3,C,Quercus alba,white oak,pyrophyte,
706,4,20210518,E,QUAL,33.2,C,Quercus alba,white oak,pyrophyte,
707,4,20210518,3,PRUNUS,12.1,I,Prunus sp.,cherry,intermediate,
708,4,20210518,3,JUVI,5,S,Juniperus virginiana,eastern red cedar,mesophyte,
709,4,20210518,3,LIST,2.1,S,Liquidambar styraciflua,sweetgum,mesophyte,
710,4,20210518,3,JUVI,8.8,S,Juniperus virginiana,eastern red cedar,mesophyte,
711,4,20210518,3,LIST,1,S,Liquidambar styraciflua,sweetgum,mesophyte,
712,4,20210518,3,VACCI,2,S,Vaccinium sp.,blueberry,mesophyte,
713,4,20210518,3,QUAL,5.5,S,Quercus alba,white oak,pyrophyte,
714,4,20210518,3,QUNI,10,I,Quercus nigra,water oak,mesophyte,
715,4,20210518,3,ACRU,25.5,I,Acer rubrum,red maple,mesophyte,
716,4,20210518,3,VACCI,6,S,Vaccinium sp.,blueberry,mesophyte,
717,4,20210518,3,VACCI,1,S,Vaccinium sp.,blueberry,mesophyte,
718,4,20210518,3,ACRU,3.5,S,Acer rubrum,red maple,mesophyte,
719,4,20210518,3,QUNI,10.9,C,Quercus nigra,water oak,mesophyte,
720,4,20210518,3,QUNI,3,S,Quercus nigra,water oak,mesophyte,
721,4,20210518,3,QUNI,10.8,I,Quercus nigra,water oak,mesophyte,
722,4,20210518,3,LIST,1.5,S,Liquidambar styraciflua,sweetgum,mesophyte,
723,4,20210518,E,LIST,24.4,I,Liquidambar styraciflua,sweetgum,mesophyte,
724,4,20210518,FB,PIEC,22.2,C,Pinus echinata,shortleaf pine,pyrophyte,
725,4,20210518,FB,LIST,1.4,S,Liquidambar styraciflua,sweetgum,mesophyte,
726,4,20210518,FB,LIST,13,I,Liquidambar styraciflua,sweetgum,mesophyte,
727,4,20210518,FB,NYSY,4.5,S,Nyssa sylvatica,black gum,mesophyte,
728,4,20210518,FB,VACCI,8,S,Vaccinium sp.,blueberry,mesophyte,
729,4,20210518,4,LIST,10.4,S,Liquidambar styraciflua,sweetgum,mesophyte,
730,4,20210518,4,CARYA,14.6,I,Carya sp.,hickory,intermediate,
731,4,20210518,4,QUNI,15,I,Quercus nigra,water oak,mesophyte,
732,4,20210518,4,LIST,1,S,Liquidambar styraciflua,sweetgum,mesophyte,
733,4,20210518,4,LIST,1,S,Liquidambar styraciflua,sweetgum,mesophyte,
734,4,20210518,4,VACCI,1,S,Vaccinium sp.,blueberry,mesophyte,
735,4,20210518,4,VACCI,1,S,Vaccinium sp.,blueberry,mesophyte,
736,4,20210518,4,VACCI,2.5,S,Vaccinium sp.,blueberry,mesophyte,
737,4,20210518,E,QUAL,27.7,I,Quercus alba,white oak,pyrophyte,
738,4,20210518,E,PITA,36.5,C,Pinus taeda,loblolly pine,pyrophyte,
739,4,20210518,4,ACRU,6,S,Acer rubrum,red maple,mesophyte,
740,4,20210518,4,LIST,16.3,I,Liquidambar styraciflua,sweetgum,mesophyte,
741,4,20210518,4,ACRU,4.4,S,Acer rubrum,red maple,mesophyte,
742,4,20210518,4,NYSY,20.7,I,Nyssa sylvatica,black gum,mesophyte,
743,4,20210518,4,LIST,11.5,I,Liquidambar styraciflua,sweetgum,mesophyte,
744,4,20210518,4,PRUNUS,9.4,I,Prunus sp.,cherry,intermediate,
745,4,20210518,4,SW,21,I,Oxydendrum arboreum,sourwood,intermediate,
746,4,20210518,E,PITA,37.2,C,Pinus taeda,loblolly pine,pyrophyte,
747,4,20210518,E,SW,23.9,I,Oxydendrum arboreum,sourwood,intermediate,
748,4,20210518,4,LIST,8.8,S,Liquidambar styraciflua,sweetgum,mesophyte,
749,4,20210518,4,PIEC,10.8,I,Pinus echinata,shortleaf pine,pyrophyte,
750,4,20210518,4,QUNI,13.2,I,Quercus nigra,water oak,mesophyte,
751,4,20210518,4,QUAL,20,I,Quercus alba,white oak,pyrophyte,
752,4,20210518,4,SW,4,S,Oxydendrum arboreum,sourwood,intermediate,
753,4,20210518,4,SW,14,I,Oxydendrum arboreum,sourwood,intermediate,
754,4,20210518,4,LIST,2.7,S,Liquidambar styraciflua,sweetgum,mesophyte,
755,4,20210518,4,QUNI,7.1,S,Quercus nigra,water oak,mesophyte,
756,4,20210518,4,PITA,39,C,Pinus taeda,loblolly pine,pyrophyte,
757,4,20210518,4,PIEC,24,C,Pinus echinata,shortleaf pine,pyrophyte,
758,4,20210518,4,FAGR,9.5,S,Fagus grandifolia,American beech,mesophyte,
759,4,20210518,4,PITA,38,C,Pinus taeda,loblolly pine,pyrophyte,
760,4,20210518,4,QUNI,2.7,S,Quercus nigra,water oak,mesophyte,
761,4,20210518,4,NYSY,4.5,S,Nyssa sylvatica,black gum,mesophyte,
762,4,20210518,E,LITU,18.9,I,Liquidambar styraciflua,tulip poplar,mesophyte,
763,4,20210518,E,LIST,23,I,Liquidambar styraciflua,sweetgum,mesophyte,
764,5,20210519,1,LIST,1.5,S,Liquidambar styraciflua,sweetgum,mesophyte,
765,5,20210519,1,LIST,1,S,Liquidambar styraciflua,sweetgum,mesophyte,
766,5,20210519,1,LIST,2,S,Liquidambar styraciflua,sweetgum,mesophyte,
767,5,20210519,1,QUNI,10.2,I,Quercus nigra,water oak,mesophyte,
768,5,20210519,1,PITA,44.7,C,Pinus taeda,loblolly pine,pyrophyte,
769,5,20210519,1,LIST,2.5,S,Liquidambar styraciflua,sweetgum,mesophyte,
770,5,20210519,1,QUNI,5.5,S,Quercus nigra,water oak,mesophyte,
771,5,20210519,1,PRUNUS,5.3,S,Prunus sp.,cherry,intermediate,
772,5,20210519,1,LIST,18.7,I,Liquidambar styraciflua,sweetgum,mesophyte,
773,5,20210519,E,FAGR,10.5,I,Fagus grandifolia,American beech,mesophyte,
774,5,20210519,E,PITA,30.6,C,Pinus taeda,loblolly pine,pyrophyte,
775,5,20210519,1,VACCI,2,S,Vaccinium sp.,blueberry,mesophyte,
776,5,20210519,1,ULAL,4.8,S,Ulmus alata,winged elm,mesophyte,
777,5,20210519,1,QUNI,10.9,I,Quercus nigra,water oak,mesophyte,
778,5,20210519,1,LIST,13.8,S,Liquidambar styraciflua,sweetgum,mesophyte,
779,5,20210519,1,QUNI,11.2,I,Quercus nigra,water oak,mesophyte,
780,5,20210519,1,QUNI,7.2,S,Quercus nigra,water oak,mesophyte,
781,5,20210519,1,QUNI,11.3,I,Quercus nigra,water oak,mesophyte,
782,5,20210519,1,LITU,28.2,C,Liquidambar styraciflua,tulip poplar,mesophyte,
783,5,20210519,1,VACCI,1.5,S,Vaccinium sp.,blueberry,mesophyte,
784,5,20210519,1,LIST,1,S,Liquidambar styraciflua,sweetgum,mesophyte,
785,5,20210519,1,QUNI,8.2,S,Quercus nigra,water oak,mesophyte,
786,5,20210519,1,QUNI,33.6,C,Quercus nigra,water oak,mesophyte,
787,5,20210519,1,LIST,29.5,I,Liquidambar styraciflua,sweetgum,mesophyte,
788,5,20210519,1,LIST,1,S,Liquidambar styraciflua,sweetgum,mesophyte,
789,5,20210519,E,PITA,47.8,C,Pinus taeda,loblolly pine,pyrophyte,
790,5,20210519,1,LIST,6,S,Liquidambar styraciflua,sweetgum,mesophyte,
791,5,20210519,1,LIST,2.9,S,Liquidambar styraciflua,sweetgum,mesophyte,
792,5,20210519,1,LIST,4.5,S,Liquidambar styraciflua,sweetgum,mesophyte,
793,5,20210519,1,FAGR,5.3,S,Fagus grandifolia,American beech,mesophyte,
794,5,20210519,1,FAGR,19.5,I,Fagus grandifolia,American beech,mesophyte,
795,5,20210519,E,NYSY,16.5,I,Nyssa sylvatica,black gum,mesophyte,
796,5,20210519,FB,LIST,1,S,Liquidambar styraciflua,sweetgum,mesophyte,
797,5,20210519,FB,PITA,18,C,Pinus taeda,loblolly pine,pyrophyte,
798,5,20210519,FB,LIST,2.5,S,Liquidambar styraciflua,sweetgum,mesophyte,
799,5,20210519,FB,QUNI,1.1,C,Quercus nigra,water oak,mesophyte,
800,5,20210519,2,PITA,3.6,S,Pinus taeda,loblolly pine,pyrophyte,
801,5,20210519,2,VACCI,1,S,Vaccinium sp.,blueberry,mesophyte,
802,5,20210519,2,QUNI,13.8,I,Quercus nigra,water oak,mesophyte,
803,5,20210519,2,LIST,5.3,S,Liquidambar styraciflua,sweetgum,mesophyte,
804,5,20210519,2,NYSY,5,S,Nyssa sylvatica,black gum,mesophyte,
805,5,20210519,E,LIST,7,S,Liquidambar styraciflua,sweetgum,mesophyte,
806,5,20210519,E,ACRU,19.5,I,Acer rubrum,red maple,mesophyte,
807,5,20210519,E,PIEC,31.3,C,Pinus echinata,shortleaf pine,pyrophyte,
808,5,20210519,E,QUAL,24.2,C,Quercus alba,white oak,pyrophyte,
809,5,20210519,E,QUNI,28.2,C,Quercus nigra,water oak,mesophyte,
810,5,20210519,E,QUAL,32,C,Quercus alba,white oak,pyrophyte,
811,5,20210519,2,LIST,9.5,I,Liquidambar styraciflua,sweetgum,mesophyte,
812,5,20210519,2,LIST,2.8,S,Liquidambar styraciflua,sweetgum,mesophyte,
813,5,20210519,2,ACRU,5,S,Acer rubrum,red maple,mesophyte,
814,5,20210519,2,QUAL,16.8,I,Quercus alba,white oak,pyrophyte,
815,5,20210519,2,LIST,3.2,S,Liquidambar styraciflua,sweetgum,mesophyte,
816,5,20210519,2,LIST,4.7,S,Liquidambar styraciflua,sweetgum,mesophyte,
817,5,20210519,2,VACCI,2.5,S,Vaccinium sp.,blueberry,mesophyte,
818,5,20210519,2,NYSY,24,I,Nyssa sylvatica,black gum,mesophyte,
819,5,20210519,2,LIST,10.7,S,Liquidambar styraciflua,sweetgum,mesophyte,
820,5,20210519,2,PRUNUS,11.9,I,Prunus sp.,cherry,intermediate,
821,5,20210519,2,LIST,3.1,S,Liquidambar styraciflua,sweetgum,mesophyte,
822,5,20210519,2,PITA,45.7,D,Pinus taeda,loblolly pine,pyrophyte,
823,5,20210519,2,NYSY,3.2,S,Nyssa sylvatica,black gum,mesophyte,
824,5,20210519,2,VACCI,1.5,S,Vaccinium sp.,blueberry,mesophyte,
825,5,20210519,2,LIST,11,I,Liquidambar styraciflua,sweetgum,mesophyte,
826,5,20210519,2,PITA,34.9,C,Pinus taeda,loblolly pine,pyrophyte,
827,5,20210519,2,LIST,1.2,S,Liquidambar styraciflua,sweetgum,mesophyte,
828,5,20210519,2,LIST,2.5,S,Liquidambar styraciflua,sweetgum,mesophyte,
829,5,20210519,2,PITA,20.3,I,Pinus taeda,loblolly pine,pyrophyte,
830,5,20210519,2,QUNI,14.9,I,Quercus nigra,water oak,mesophyte,
831,5,20210519,2,LIST,4.3,S,Liquidambar styraciflua,sweetgum,mesophyte,
832,5,20210519,2,ACRU,10.5,I,Acer rubrum,red maple,mesophyte,
833,5,20210519,2,LIST,18.3,I,Liquidambar styraciflua,sweetgum,mesophyte,
834,5,20210519,2,PIEC,24.2,C,Pinus echinata,shortleaf pine,pyrophyte,
835,5,20210519,2,NYSY,5.5,S,Nyssa sylvatica,black gum,mesophyte,
836,5,20210519,2,ACRU,5.5,S,Acer rubrum,red maple,mesophyte,
837,5,20210519,2,QUAL,20.7,I,Quercus alba,white oak,pyrophyte,
838,5,20210519,E,LIST,7.3,S,Liquidambar styraciflua,sweetgum,mesophyte,
839,5,20210519,E,ACRU,19,I,Acer rubrum,red maple,mesophyte,
840,5,20210519,FB,QUAL,16,I,Quercus alba,white oak,pyrophyte,
841,5,20210519,FB,LIST,4,S,Liquidambar styraciflua,sweetgum,mesophyte,
842,5,20210519,FB,QUAL,6,S,Quercus alba,white oak,pyrophyte,
843,5,20210519,FB,QUNI,24.1,C,Quercus nigra,water oak,mesophyte,
844,5,20210519,FB,NYSY,7.9,S,Nyssa sylvatica,black gum,mesophyte,
845,5,20210519,FB,LIST,15.5,I,Liquidambar styraciflua,sweetgum,mesophyte,
846,5,20210519,FB,LIST,10,S,Liquidambar styraciflua,sweetgum,mesophyte,
847,5,20210519,3,ACRU,4.3,S,Acer rubrum,red maple,mesophyte,
848,5,20210519,3,NYSY,7,S,Nyssa sylvatica,black gum,mesophyte,
849,5,20210519,3,LIST,12.6,S,Liquidambar styraciflua,sweetgum,mesophyte,
850,5,20210519,3,JUVI,40.5,I,Juniperus virginiana,eastern red cedar,mesophyte,
851,5,20210519,3,LIST,14.7,I,Liquidambar styraciflua,sweetgum,mesophyte,
852,5,20210519,3,PITA,35.5,C,Pinus taeda,loblolly pine,pyrophyte,
853,5,20210519,3,QUAL,31.2,C,Quercus alba,white oak,pyrophyte,
854,5,20210519,3,LIST,16.5,I,Liquidambar styraciflua,sweetgum,mesophyte,
855,5,20210519,3,LIST,5.2,S,Liquidambar styraciflua,sweetgum,mesophyte,
856,5,20210519,3,VACCI,2.5,S,Vaccinium sp.,blueberry,mesophyte,
857,5,20210519,3,VACCI,1,S,Vaccinium sp.,blueberry,mesophyte,
858,5,20210519,3,VACCI,1.5,S,Vaccinium sp.,blueberry,mesophyte,
859,5,20210519,3,VACCI,1,S,Vaccinium sp.,blueberry,mesophyte,
860,5,20210519,3,VACCI,1,S,Vaccinium sp.,blueberry,mesophyte,
861,5,20210519,3,LIST,10.7,S,Liquidambar styraciflua,sweetgum,mesophyte,
862,5,20210519,3,NYSY,2.6,S,Nyssa sylvatica,black gum,mesophyte,
863,5,20210519,3,FAGR,12,I,Fagus grandifolia,American beech,mesophyte,
864,5,20210519,3,FAGR,10.1,I,Fagus grandifolia,American beech,mesophyte,
865,5,20210519,3,NYSY,5.5,S,Nyssa sylvatica,black gum,mesophyte,
866,5,20210519,3,PRUNUS,13,I,Prunus sp.,cherry,intermediate,
867,5,20210519,3,LIST,3.8,S,Liquidambar styraciflua,sweetgum,mesophyte,
868,5,20210519,3,VACCI,1,S,Vaccinium sp.,blueberry,mesophyte,
869,5,20210519,3,LIST,1,S,Liquidambar styraciflua,sweetgum,mesophyte,
870,5,20210519,3,VACCI,2,S,Vaccinium sp.,blueberry,mesophyte,
871,5,20210519,3,VACCI,1,S,Vaccinium sp.,blueberry,mesophyte,
872,5,20210519,3,VACCI,1,S,Vaccinium sp.,blueberry,mesophyte,
873,5,20210519,3,VACCI,1,S,Vaccinium sp.,blueberry,mesophyte,
874,5,20210519,3,VACCI,1,S,Vaccinium sp.,blueberry,mesophyte,
875,5,20210519,E,QUAL,32.4,C,Quercus alba,white oak,pyrophyte,
876,5,20210519,E,QUNI,31.6,C,Quercus nigra,water oak,mesophyte,
877,5,20210519,3,QUAL,39.5,C,Quercus alba,white oak,pyrophyte,
878,5,20210519,3,ACRU,7.1,I,Acer rubrum,red maple,mesophyte,
879,5,20210519,3,ULAL,3.3,S,Ulmus alata,winged elm,mesophyte,
880,5,20210519,3,QUNI,7,S,Quercus nigra,water oak,mesophyte,
881,5,20210519,3,LIST,4.6,S,Liquidambar styraciflua,sweetgum,mesophyte,
882,5,20210519,3,PIEC,25.2,I,Pinus echinata,shortleaf pine,pyrophyte,
883,5,20210519,3,VACCI,1.5,S,Vaccinium sp.,blueberry,mesophyte,
884,5,20210519,3,VACCI,1.5,S,Vaccinium sp.,blueberry,mesophyte,
885,5,20210519,3,CARYA,2.4,S,Carya sp.,hickory,intermediate,
886,5,20210519,3,LIST,4.3,S,Liquidambar styraciflua,sweetgum,mesophyte,
887,5,20210519,3,PRUNUS,11.1,S,Prunus sp.,cherry,intermediate,
888,5,20210519,FB,QUAL,51.1,C,Quercus alba,white oak,pyrophyte,
889,5,20210519,FB,LIST,7.1,S,Liquidambar styraciflua,sweetgum,mesophyte,
890,5,20210519,FB,QUAL,24.2,C,Quercus alba,white oak,pyrophyte,
891,5,20210519,FB,LIST,10.8,I,Liquidambar styraciflua,sweetgum,mesophyte,
892,5,20210519,4,LIST,7.3,S,Liquidambar styraciflua,sweetgum,mesophyte,
893,5,20210519,4,LIST,1,S,Liquidambar styraciflua,sweetgum,mesophyte,
894,5,20210519,4,LIST,1,S,Liquidambar styraciflua,sweetgum,mesophyte,
895,5,20210519,4,CARYA,3.4,S,Carya sp.,hickory,intermediate,
896,5,20210519,4,LIST,9.8,S,Liquidambar styraciflua,sweetgum,mesophyte,
897,5,20210519,4,LIST,1.8,S,Liquidambar styraciflua,sweetgum,mesophyte,
898,5,20210519,E,QUNI,24.5,C,Quercus nigra,water oak,mesophyte,
899,5,20210519,4,LIST,1.5,S,Liquidambar styraciflua,sweetgum,mesophyte,
900,5,20210519,4,QUAL,25.8,C,Quercus alba,white oak,pyrophyte,
901,5,20210519,4,LIST,1,S,Liquidambar styraciflua,sweetgum,mesophyte,
902,5,20210519,4,LIST,7,S,Liquidambar styraciflua,sweetgum,mesophyte,
903,5,20210519,4,QUNI,29.3,C,Quercus nigra,water oak,mesophyte,
904,5,20210519,4,LIST,1,S,Liquidambar styraciflua,sweetgum,mesophyte,
905,5,20210519,4,LIST,1,S,Liquidambar styraciflua,sweetgum,mesophyte,
906,5,20210519,4,LIST,1,S,Liquidambar styraciflua,sweetgum,mesophyte,
907,5,20210519,4,LIST,1,S,Liquidambar styraciflua,sweetgum,mesophyte,
908,5,20210519,4,LIST,1,S,Liquidambar styraciflua,sweetgum,mesophyte,
909,5,20210519,4,LIST,1,S,Liquidambar styraciflua,sweetgum,mesophyte,
910,5,20210519,4,LIST,1,S,Liquidambar styraciflua,sweetgum,mesophyte,
911,5,20210519,4,LIST,1,S,Liquidambar styraciflua,sweetgum,mesophyte,
912,5,20210519,4,VACCI,1,S,Vaccinium sp.,blueberry,mesophyte,
913,5,20210519,4,VACCI,1,S,Vaccinium sp.,blueberry,mesophyte,
914,5,20210519,4,VACCI,1,S,Vaccinium sp.,blueberry,mesophyte,
915,5,20210519,4,VACCI,1,S,Vaccinium sp.,blueberry,mesophyte,
916,5,20210519,4,PITA,11.9,I,Pinus taeda,loblolly pine,pyrophyte,
917,5,20210519,4,LIST,16,I,Liquidambar styraciflua,sweetgum,mesophyte,
918,5,20210519,4,LIST,12,I,Liquidambar styraciflua,sweetgum,mesophyte,
919,5,20210519,4,LIST,16,I,Liquidambar styraciflua,sweetgum,mesophyte,
920,5,20210519,4,QUNI,15.5,I,Quercus nigra,water oak,mesophyte,
921,5,20210519,4,LIST,3.3,S,Liquidambar styraciflua,sweetgum,mesophyte,
922,5,20210519,4,PITA,24.5,C,Pinus taeda,loblolly pine,pyrophyte,
923,5,20210519,4,LIST,12,I,Liquidambar styraciflua,sweetgum,mesophyte,
924,5,20210519,4,LIST,2,S,Liquidambar styraciflua,sweetgum,mesophyte,
925,5,20210519,4,PITA,4,S,Pinus taeda,loblolly pine,pyrophyte,
926,5,20210519,4,NYSY,4.5,S,Nyssa sylvatica,black gum,mesophyte,
927,5,20210519,4,PITA,19,I,Pinus taeda,loblolly pine,pyrophyte,
928,5,20210519,4,NYSY,6.5,I,Nyssa sylvatica,black gum,mesophyte,
929,5,20210519,4,FAGR,4.3,S,Fagus grandifolia,American beech,mesophyte,
930,5,20210519,4,LIST,8.4,S,Liquidambar styraciflua,sweetgum,mesophyte,
931,5,20210519,4,NYSY,16,I,Nyssa sylvatica,black gum,mesophyte,
932,5,20210519,4,ACRU,9,I,Acer rubrum,red maple,mesophyte,
933,5,20210519,4,ACRU,4,S,Acer rubrum,red maple,mesophyte,
934,5,20210519,4,NYSY,3.1,S,Nyssa sylvatica,black gum,mesophyte,
935,5,20210519,4,NYSY,5.3,I,Nyssa sylvatica,black gum,mesophyte,
936,5,20210519,4,SW,6.4,I,Oxydendrum arboreum,sourwood,intermediate,
937,5,20210519,4,LIST,10.9,I,Liquidambar styraciflua,sweetgum,mesophyte,
938,5,20210519,4,QUFA,40.3,C,Quercus falcata,southern red oak,pyrophyte,
939,5,20210519,4,LIST,2.5,S,Liquidambar styraciflua,sweetgum,mesophyte,
940,5,20210519,4,JUVI,7,S,Juniperus virginiana,eastern red cedar,mesophyte,
941,5,20210519,E,QUAL,41.1,C,Quercus alba,white oak,pyrophyte,
942,5,20210519,4,NYSY,6.5,S,Nyssa sylvatica,black gum,mesophyte,
943,5,20210519,4,QUAL,4.1,S,Quercus alba,white oak,pyrophyte,
944,5,20210519,4,NYSY,6.1,S,Nyssa sylvatica,black gum,mesophyte,
945,5,20210519,4,NYSY,4.7,S,Nyssa sylvatica,black gum,mesophyte,
946,5,20210519,4,LIST,7,S,Liquidambar styraciflua,sweetgum,mesophyte,
947,5,20210519,E,PIEC,18,I,Pinus echinata,shortleaf pine,pyrophyte,
948,5,20210519,FB,NYSY,4,S,Nyssa sylvatica,black gum,mesophyte,
949,5,20210519,FB,PITA,30.8,C,Pinus taeda,loblolly pine,pyrophyte,
950,5,20210519,FB,QUAL,29.5,C,Quercus alba,white oak,pyrophyte,
